{"transport reactions": [0.12156862745098039, 0.4666666666666667, 0.7058823529411765, 1.0], "fatty acid metabolism": [0.6823529411764706, 0.7803921568627451, 0.9098039215686274, 1.0], "amino acid metabolism": [1.0, 0.4980392156862745, 0.054901960784313725, 1.0], "lipid metabolism": [1.0, 0.7333333333333333, 0.47058823529411764, 1.0], "xenobiotic metabolism": [0.17254901960784313, 0.6274509803921569, 0.17254901960784313, 1.0], "nucleotide metabolism": [0.596078431372549, 0.8745098039215686, 0.5411764705882353, 1.0], "leukotriene and arachidonic acid metabolism": [0.8392156862745098, 0.15294117647058825, 0.1568627450980392, 1.0], "bile acid metabolism": [1.0, 0.596078431372549, 0.5882352941176471, 1.0], "carnitine shuttle metabolism": [0.5803921568627451, 0.403921568627451, 0.7411764705882353, 1.0], "glycosphingolipid metabolism": [0.7725490196078432, 0.6901960784313725, 0.8352941176470589, 1.0], "other reactions": [0.5490196078431373, 0.33725490196078434, 0.29411764705882354, 1.0], "vitamin metabolism": [0.7686274509803922, 0.611764705882353, 0.5803921568627451, 1.0], "cholesterol metabolism": [0.8901960784313725, 0.4666666666666667, 0.7607843137254902, 1.0], "coenzyme metabolism": [0.9686274509803922, 0.7137254901960784, 0.8235294117647058, 1.0], "glycan metabolism": [0.4980392156862745, 0.4980392156862745, 0.4980392156862745, 1.0], "carbohydrate metabolism": [0.7803921568627451, 0.7803921568627451, 0.7803921568627451, 1.0], "hormone metabolism": [0.7372549019607844, 0.7411764705882353, 0.13333333333333333, 1.0], "fatty acid biosynthesis": [0.8588235294117647, 0.8588235294117647, 0.5529411764705883, 1.0], "glycerophospholipid metabolism": [0.09019607843137255, 0.7450980392156863, 0.8117647058823529, 1.0], "sulfur metabolism": [0.6196078431372549, 0.8549019607843137, 0.8980392156862745, 1.0], "protein and peptide metabolism": [0.2235294117647059, 0.23137254901960785, 0.4745098039215686, 1.0], "ros detoxification": [0.3215686274509804, 0.32941176470588235, 0.6392156862745098, 1.0], "cholesterol biosynthesis": [0.4196078431372549, 0.43137254901960786, 0.8117647058823529, 1.0], "sphingolipid metabolism": [0.611764705882353, 0.6196078431372549, 0.8705882352941177, 1.0], "exchange reactions": [0.38823529411764707, 0.4745098039215686, 0.2235294117647059, 1.0], "keratan sulfate degradation": [0.5490196078431373, 0.6352941176470588, 0.3215686274509804, 1.0], "nicotinate and nicotinamide metabolism": [0.7098039215686275, 0.8117647058823529, 0.4196078431372549, 1.0], "glycolysis and gluconeogenesis": [0.807843137254902, 0.8588235294117647, 0.611764705882353, 1.0], "glycerolipid metabolism": [0.5490196078431373, 0.42745098039215684, 0.19215686274509805, 1.0], "pyruvate metabolism": [0.7411764705882353, 0.6196078431372549, 0.2235294117647059, 1.0], "pentose phosphate pathway": [0.9058823529411765, 0.7294117647058823, 0.3215686274509804, 1.0], "biopterin metabolism": [0.9058823529411765, 0.796078431372549, 0.5803921568627451, 1.0], "artificial reactions": [0.5176470588235295, 0.23529411764705882, 0.2235294117647059, 1.0], "glutathione metabolism": [0.6784313725490196, 0.28627450980392155, 0.2901960784313726, 1.0], "tricarboxylic acid cycle": [0.8392156862745098, 0.3803921568627451, 0.4196078431372549, 1.0], "propanoate metabolism": [0.9058823529411765, 0.5882352941176471, 0.611764705882353, 1.0], "oxidative phosphorylation": [0.4823529411764706, 0.2549019607843137, 0.45098039215686275, 1.0]}